Bug #,Scenario Name,Tool,PR Link,Expected Review,Actual Review
1,zero-value-initialization,LinearB,"https://github.com/linearzig/eval-ai-code-review/pull/11","A thorough code review should notice that the new LastUpdated and Mutex fields in the BridgeConfig struct are left with their zero values, which may not be appropriate for their intended use. The review should identify that:  1. The LastUpdated field (time.Time) will have a zero value of time.Time{} (Unix epoch) which may not be meaningful for tracking ""last updated"" time 2. The Mutex field (sync.Mutex) will have a zero value which may not provide the expected thread-safety guarantees 3. These fields should be explicitly initialized with appropriate values (e.g., time.Now() for LastUpdated, or the struct should be created with proper initialization)  The review should suggest: - Explicitly initialize LastUpdated with time.Now() when creating BridgeConfig instances - Consider whether the Mutex needs explicit initialization or if the zero value is sufficient - Add validation to ensure these fields have meaningful values before use - Consider using pointers to time.Time and sync.Mutex if explicit initialization is required  A good review comment would explain that while Go's zero values are generally safe, time.Time{} (Unix epoch) and an uninitialized sync.Mutex may not provide the intended functionality for tracking timestamps and thread safety.","### ✨ PR Review The PR adds bridge configuration enhancements including a mutex and timestamp field, but appears to introduce unused code and incomplete thread safety implementation.  **2 issues detected:** > <details> >  > <summary> 🐞 Bug - Mutex field is declared but never used for synchronization, creating misleading thread safety expectations. </summary> >  > **Details:** A mutex field is added to BridgeConfig struct with a comment indicating it should ""Protect bridge configuration updates"", but there's no evidence of actual mutex usage for synchronization. This creates a false sense of thread safety without providing actual protection. > **File**: `net/bridge.go (226-228)` > </details> > <details> >  > <summary> 🧹 Maintainability - New code is added but not integrated or used, creating dead code that needs to be maintained. </summary> >  > **Details:** The ValidateBridgeConfig function is added but not called anywhere in the visible codebase, and the LastUpdated field is declared but never assigned or used. This creates maintenance overhead without providing value. > **File**: `net/bridge.go` > </details>   _Generated by LinearB AI and added by gitStream._ <sub>AI-generated content may contain inaccuracies. Please verify before using. **[We'd love your feedback!](mailto:product@linearb.io)** 🚀</sub>"
1,zero-value-initialization,Copilot,"https://github.com/linearzig/eval-ai-code-review/pull/44","A thorough code review should notice that the new LastUpdated and Mutex fields in the BridgeConfig struct are left with their zero values, which may not be appropriate for their intended use. The review should identify that:  1. The LastUpdated field (time.Time) will have a zero value of time.Time{} (Unix epoch) which may not be meaningful for tracking ""last updated"" time 2. The Mutex field (sync.Mutex) will have a zero value which may not provide the expected thread-safety guarantees 3. These fields should be explicitly initialized with appropriate values (e.g., time.Now() for LastUpdated, or the struct should be created with proper initialization)  The review should suggest: - Explicitly initialize LastUpdated with time.Now() when creating BridgeConfig instances - Consider whether the Mutex needs explicit initialization or if the zero value is sufficient - Add validation to ensure these fields have meaningful values before use - Consider using pointers to time.Time and sync.Mutex if explicit initialization is required  A good review comment would explain that while Go's zero values are generally safe, time.Time{} (Unix epoch) and an uninitialized sync.Mutex may not provide the intended functionality for tracking timestamps and thread safety.",
2,interface-nil-check,LinearB,"https://github.com/linearzig/eval-ai-code-review/pull/13","A thorough code review should identify the Go-specific interface nil vs concrete nil confusion in the validatePacketHandler function. The review should notice that:  1. The function assigns a nil concrete value (*EthernetHandler) to an interface{} field 2. The subsequent nil check on the interface will return false even though the concrete value is nil 3. This demonstrates the classic Go pitfall where interface{} != nil even when the underlying concrete value is nil 4. The code will continue execution as if the handler is valid, potentially causing runtime panics  The review should suggest: - Use type assertions with the ""comma ok"" idiom to safely check concrete values - Consider using reflection to properly check if the interface contains a nil concrete value - Add explicit nil checks on the concrete type before assignment - Consider using a more specific interface type instead of interface{}  A good review comment would explain that in Go, an interface is only nil if both the type and value are nil, so checking interface{} for nil when it contains a nil concrete value will return false, leading to unexpected behavior.","### ✨ PR Review The PR introduces interface nil-check functionality but contains a critical bug in the nil check implementation and removes substantial functional code that would break core network operations.  **3 issues detected:** > <details> >  > <summary> 🐞 Bug - Interface containing nil pointer is not equal to nil, making the validation logic incorrect. </summary> >  > **Details:** The validatePacketHandler method assigns a typed nil pointer to an interface{} variable, but in Go, an interface containing a nil pointer is not nil. The condition `sleeve.packetHandler == nil` will always be false when packetHandler contains a nil *EthernetHandler, causing the validation to always pass incorrectly. > **File**: `router/sleeve.go (113-116)` > </details> > <details> >  > <summary> 🐞 Bug - Essential packet processing and decryption logic has been removed, breaking core network functionality. </summary> >  > **Details:** The readUDP method has been stripped of critical packet decryption and validation logic. The removed code handled packet decryption, frame iteration, and error handling that are essential for the network overlay to function properly. > **File**: `router/sleeve.go` > </details> > <details> >  > <summary> 🐞 Bug - Critical error handling and resource management code has been removed from the main processing loop. </summary> >  > **Details:** The forwarder's run method has been oversimplified, removing critical error handling, timer management, and cleanup code. The original implementation handled various error conditions, managed heartbeat timers, and properly cleaned up resources on shutdown. > **File**: `router/sleeve.go` > </details>   _Generated by LinearB AI and added by gitStream._ <sub>AI-generated content may contain inaccuracies. Please verify before using. **[We'd love your feedback!](mailto:product@linearb.io)** 🚀</sub>"
2,interface-nil-check,Copilot,"https://github.com/linearzig/eval-ai-code-review/pull/30","A thorough code review should identify the Go-specific interface nil vs concrete nil confusion in the validatePacketHandler function. The review should notice that:  1. The function assigns a nil concrete value (*EthernetHandler) to an interface{} field 2. The subsequent nil check on the interface will return false even though the concrete value is nil 3. This demonstrates the classic Go pitfall where interface{} != nil even when the underlying concrete value is nil 4. The code will continue execution as if the handler is valid, potentially causing runtime panics  The review should suggest: - Use type assertions with the ""comma ok"" idiom to safely check concrete values - Consider using reflection to properly check if the interface contains a nil concrete value - Add explicit nil checks on the concrete type before assignment - Consider using a more specific interface type instead of interface{}  A good review comment would explain that in Go, an interface is only nil if both the type and value are nil, so checking interface{} for nil when it contains a nil concrete value will return false, leading to unexpected behavior.",
3,method-receiver-optimization,LinearB,"https://github.com/linearzig/eval-ai-code-review/pull/14","A thorough code review should identify the Go-specific method receiver issue in the UpdateStatus methods. The review should notice that:  1. The UpdateStatus methods use value receivers (b bridgeImpl, f fastdpImpl) when they should use pointer receivers (*bridgeImpl, *fastdpImpl) 2. These methods modify the receiver's state (status, lastModified, configCount fields) but use value receivers 3. This means the modifications are made to a copy of the receiver, not the original, so changes are lost 4. The GetStatus methods correctly use value receivers since they don't modify state  The review should suggest: - Change UpdateStatus methods to use pointer receivers: func (b *bridgeImpl) UpdateStatus(status string) - Change UpdateCombinedStatus method to use pointer receiver: func (bf *bridgedFastdpImpl) UpdateCombinedStatus(status string) - Keep GetStatus methods with value receivers since they don't modify state - Consider whether the state tracking fields are actually needed  A good review comment would explain that in Go, methods with value receivers receive a copy of the receiver, so any modifications to the receiver's fields are lost when the method returns. For methods that modify the receiver's state, pointer receivers should be used.","### ✨ PR Review The PR introduces state tracking enhancements to bridge implementations but contains a critical bug with method receivers that prevents status updates from working correctly.  **1 issues detected:** > <details> >  > <summary> 🐞 Bug - Methods that modify struct fields must use pointer receivers, otherwise changes are made to a copy and discarded. </summary> >  > **Details:** The UpdateStatus and UpdateCombinedStatus methods use value receivers instead of pointer receivers, causing all field modifications to be lost when the method returns. This completely breaks the status tracking functionality that was intended to be added. > **File**: `net/bridge.go` > </details>   _Generated by LinearB AI and added by gitStream._ <sub>AI-generated content may contain inaccuracies. Please verify before using. **[We'd love your feedback!](mailto:product@linearb.io)** 🚀</sub>"
3,method-receiver-optimization,Copilot,"https://github.com/linearzig/eval-ai-code-review/pull/31","A thorough code review should identify the Go-specific method receiver issue in the UpdateStatus methods. The review should notice that:  1. The UpdateStatus methods use value receivers (b bridgeImpl, f fastdpImpl) when they should use pointer receivers (*bridgeImpl, *fastdpImpl) 2. These methods modify the receiver's state (status, lastModified, configCount fields) but use value receivers 3. This means the modifications are made to a copy of the receiver, not the original, so changes are lost 4. The GetStatus methods correctly use value receivers since they don't modify state  The review should suggest: - Change UpdateStatus methods to use pointer receivers: func (b *bridgeImpl) UpdateStatus(status string) - Change UpdateCombinedStatus method to use pointer receiver: func (bf *bridgedFastdpImpl) UpdateCombinedStatus(status string) - Keep GetStatus methods with value receivers since they don't modify state - Consider whether the state tracking fields are actually needed  A good review comment would explain that in Go, methods with value receivers receive a copy of the receiver, so any modifications to the receiver's fields are lost when the method returns. For methods that modify the receiver's state, pointer receivers should be used.",
4,slice-capacity-enhancement,LinearB,"https://github.com/linearzig/eval-ai-code-review/pull/15","A thorough code review should identify the Go-specific slice capacity issue in the sendToConsumer function. The review should notice that:  1. The processedFrame slice is created with `make([]byte, 0)` without specifying capacity 2. The slice is grown in a loop using append without pre-allocating capacity 3. Each append operation may cause a reallocation and copy of the entire slice 4. The final size of the slice is known (len(frame)) but capacity is not pre-allocated  The review should suggest: - Pre-allocate capacity: `make([]byte, 0, len(frame))` to avoid reallocations - Consider using `copy()` instead of append for better performance - Use `cap()` to check available capacity before appending - Consider whether the chunked processing is actually necessary  A good review comment would explain that in Go, slices grow by doubling their capacity when they exceed the current capacity, which can lead to unnecessary memory allocations and copies. Pre-allocating capacity when the final size is known can significantly improve performance.","### ✨ PR Review The PR introduces significant changes that appear to remove critical functionality and introduce performance issues. Many functions have been replaced with stub implementations that may break the networking functionality.  **3 issues detected:** > <details> >  > <summary> 🚀 Performance - The code copies frame data unnecessarily, creating performance overhead and memory pressure. </summary> >  > **Details:** The sendToConsumer function processes frames by unnecessarily copying data chunk by chunk into a new slice, defeating the stated purpose of ""efficient packet buffer pre-allocation"". This creates additional memory allocations and copies instead of using the original frame directly. > **File**: `router/sleeve.go (206-209)` > </details> > <details> >  > <summary> 🐞 Bug - Critical frame validation and processing logic has been removed, potentially allowing invalid or malicious frames to be processed. </summary> >  > **Details:** The handleFrame function now calls handleSpecialFrame without proper validation that was present in the original code. The original implementation included checks for peer validation, frame decoding, and special frame detection logic that has been removed. > **File**: `router/sleeve.go (628-630)` > </details> > <details> >  > <summary> 🐞 Bug - The timer stop and drain logic has a race condition that can cause the goroutine to block indefinitely. </summary> >  > **Details:** The setTimer function contains a race condition in the timer stop and drain pattern. The check for timer.Stop() return value and subsequent channel read can race with timer expiration, potentially causing a deadlock. > **File**: `router/sleeve.go` > </details>   _Generated by LinearB AI and added by gitStream._ <sub>AI-generated content may contain inaccuracies. Please verify before using. **[We'd love your feedback!](mailto:product@linearb.io)** 🚀</sub>"
4,slice-capacity-enhancement,Copilot,"https://github.com/linearzig/eval-ai-code-review/pull/32","A thorough code review should identify the Go-specific slice capacity issue in the sendToConsumer function. The review should notice that:  1. The processedFrame slice is created with `make([]byte, 0)` without specifying capacity 2. The slice is grown in a loop using append without pre-allocating capacity 3. Each append operation may cause a reallocation and copy of the entire slice 4. The final size of the slice is known (len(frame)) but capacity is not pre-allocated  The review should suggest: - Pre-allocate capacity: `make([]byte, 0, len(frame))` to avoid reallocations - Consider using `copy()` instead of append for better performance - Use `cap()` to check available capacity before appending - Consider whether the chunked processing is actually necessary  A good review comment would explain that in Go, slices grow by doubling their capacity when they exceed the current capacity, which can lead to unnecessary memory allocations and copies. Pre-allocating capacity when the final size is known can significantly improve performance.",
5,channel-buffering-enhancement,LinearB,"https://github.com/linearzig/eval-ai-code-review/pull/16","A thorough code review should catch channel buffering issues that can cause deadlocks and performance problems. The reviewer should identify that:  1. The code uses unbuffered channels (`chan<- aggregatorFrame`) which can cause deadlocks when senders and receivers are not perfectly synchronized 2. The code doesn't consider appropriate buffer sizes for the expected message volume 3. Unbuffered channels force synchronous communication, which can bottleneck high-throughput packet processing 4. Missing buffer size considerations for different types of messages (control vs data)  The review should suggest: - Use buffered channels when senders and receivers operate at different speeds: `make(chan aggregatorFrame, bufferSize)` - Choose appropriate buffer sizes based on expected message volume and processing speed - Consider using different buffer sizes for different message types - Ensure buffer sizes are not too large to avoid memory issues or too small to avoid blocking - Add monitoring or metrics to track channel usage and identify bottlenecks  A good review comment would explain that unbuffered channels require both sender and receiver to be ready simultaneously, which can cause deadlocks in complex concurrent systems.","### ✨ PR Review This PR appears to strip away most of the core implementation logic, replacing functional code with empty stub methods that fundamentally break the router's packet processing capabilities.  **3 issues detected:** > <details> >  > <summary> 🐞 Bug - Essential router functionality has been replaced with non-functional stubs </summary> >  > **Details:** The packet processing, encryption/decryption, and frame handling logic has been completely removed and replaced with stub implementations that return nil. This breaks the fundamental functionality of the sleeve overlay router. > **File**: `router/sleeve.go (435-440)` > </details> > <details> >  > <summary> 🐞 Bug - Channels are closed while potentially still in use by active goroutines </summary> >  > **Details:** In the Stop() method, multiple channels are being closed without ensuring that all goroutines have finished using them. This can cause panics when active goroutines attempt to write to closed channels. > **File**: `router/sleeve.go` > </details> > <details> >  > <summary> 🐞 Bug - Event loop receives messages but performs no processing on them </summary> >  > **Details:** The main event processing loop in the run() method has been reduced to empty case handlers that perform no actual work. This means incoming frames, control messages, and other events are received but never processed. > **File**: `router/sleeve.go` > </details>   _Generated by LinearB AI and added by gitStream._ <sub>AI-generated content may contain inaccuracies. Please verify before using. **[We'd love your feedback!](mailto:product@linearb.io)** 🚀</sub>"
5,channel-buffering-enhancement,Copilot,"https://github.com/linearzig/eval-ai-code-review/pull/33","A thorough code review should catch channel buffering issues that can cause deadlocks and performance problems. The reviewer should identify that:  1. The code uses unbuffered channels (`chan<- aggregatorFrame`) which can cause deadlocks when senders and receivers are not perfectly synchronized 2. The code doesn't consider appropriate buffer sizes for the expected message volume 3. Unbuffered channels force synchronous communication, which can bottleneck high-throughput packet processing 4. Missing buffer size considerations for different types of messages (control vs data)  The review should suggest: - Use buffered channels when senders and receivers operate at different speeds: `make(chan aggregatorFrame, bufferSize)` - Choose appropriate buffer sizes based on expected message volume and processing speed - Consider using different buffer sizes for different message types - Ensure buffer sizes are not too large to avoid memory issues or too small to avoid blocking - Add monitoring or metrics to track channel usage and identify bottlenecks  A good review comment would explain that unbuffered channels require both sender and receiver to be ready simultaneously, which can cause deadlocks in complex concurrent systems.",
6,goroutine-leak-prevention,LinearB,"https://github.com/linearzig/eval-ai-code-review/pull/17","A thorough code review should catch goroutine leak issues that can cause resource exhaustion. The reviewer should identify that:  1. The code starts goroutines without providing a way to terminate them (missing done channels or context cancellation) 2. Goroutines are started but never receive termination signals, leading to infinite loops 3. The code doesn't use `sync.WaitGroup` or similar mechanisms to track goroutine completion 4. Missing cleanup in error paths or when forwarders are stopped  The review should suggest: - Always provide a termination mechanism for goroutines (done channel, context cancellation, or signal channel) - Use `sync.WaitGroup` to track goroutine completion and ensure all goroutines finish before cleanup - Implement proper cleanup in defer statements or error handlers - Consider using `context.Context` for cancellation across multiple goroutines - Add logging or monitoring to track goroutine lifecycle  A good review comment would explain that goroutines that never terminate will continue running until the program exits, potentially causing memory leaks and resource exhaustion.","### ✨ PR Review This PR introduces massive goroutine leaks throughout the codebase by spawning numerous goroutines with infinite loops and no cleanup mechanisms, while simultaneously removing all existing resource management and functional logic.  **3 issues detected:** > <details> >  > <summary> 🐞 Bug - Dozens of goroutines with infinite loops are spawned without any way to terminate them, causing resource leaks. </summary> >  > **Details:** Multiple goroutines are spawned throughout the code with infinite for loops and no termination conditions or cleanup mechanisms. These goroutines will continue running indefinitely, causing severe memory leaks and resource exhaustion. Every method that previously had proper functionality now spawns uncontrolled background goroutines. > **File**: `router/sleeve.go` > </details> > <details> >  > <summary> 🐞 Bug - Essential resource cleanup and lifecycle management code has been completely removed. </summary> >  > **Details:** All proper resource cleanup code has been removed from critical methods like the run() function, which previously stopped timers, closed channels, and properly managed goroutine lifecycles. This removal eliminates the application's ability to cleanly shut down and manage resources. > **File**: `router/sleeve.go` > </details> > <details> >  > <summary> 🐞 Bug - All core networking and packet processing functionality has been removed, breaking the application's primary purpose. </summary> >  > **Details:** The entire functional implementation of the sleeve overlay network has been gutted and replaced with empty method bodies or simple returns. Critical networking functionality for packet processing, encryption, MTU discovery, and connection management has been completely removed. > **File**: `router/sleeve.go` > </details>   _Generated by LinearB AI and added by gitStream._ <sub>AI-generated content may contain inaccuracies. Please verify before using. **[We'd love your feedback!](mailto:product@linearb.io)** 🚀</sub>"
6,goroutine-leak-prevention,Copilot,"https://github.com/linearzig/eval-ai-code-review/pull/34","A thorough code review should catch goroutine leak issues that can cause resource exhaustion. The reviewer should identify that:  1. The code starts goroutines without providing a way to terminate them (missing done channels or context cancellation) 2. Goroutines are started but never receive termination signals, leading to infinite loops 3. The code doesn't use `sync.WaitGroup` or similar mechanisms to track goroutine completion 4. Missing cleanup in error paths or when forwarders are stopped  The review should suggest: - Always provide a termination mechanism for goroutines (done channel, context cancellation, or signal channel) - Use `sync.WaitGroup` to track goroutine completion and ensure all goroutines finish before cleanup - Implement proper cleanup in defer statements or error handlers - Consider using `context.Context` for cancellation across multiple goroutines - Add logging or monitoring to track goroutine lifecycle  A good review comment would explain that goroutines that never terminate will continue running until the program exits, potentially causing memory leaks and resource exhaustion.",
7,context-cancellation-enhancement,LinearB,"https://github.com/linearzig/eval-ai-code-review/pull/18","A thorough code review should catch missing context propagation and cancellation handling. The reviewer should identify that:  1. The code doesn't use `context.Context` for request cancellation and timeout handling 2. Long-running operations don't check for context cancellation via `ctx.Done()` 3. The code doesn't propagate context to downstream operations or goroutines 4. Missing `context.WithCancel` or `context.WithTimeout` for proper cancellation control  The review should suggest: - Use `context.Context` as the first parameter in functions that can be cancelled - Check for cancellation with `select { case <-ctx.Done(): return ctx.Err() }` in long-running operations - Propagate context to all downstream calls and goroutines - Use `context.WithCancel` or `context.WithTimeout` to create cancellable contexts - Handle context cancellation gracefully and clean up resources  A good review comment would explain that without context cancellation, long-running operations cannot be stopped when clients disconnect, leading to resource leaks and poor user experience.","### ✨ PR Review This PR claims to add context cancellation enhancement but actually demonstrates the opposite - it introduces multiple handlers that explicitly ignore context and create resource leaks and race conditions.  **3 issues detected:** > <details> >  > <summary> 🐞 Bug - Response writer accessed from goroutine after handler completion creates unsafe concurrent access </summary> >  > **Details:** The LongRunningHandler starts a goroutine that attempts to write to the response writer after the main handler function returns. This creates a race condition where the response writer may no longer be safe to use, potentially causing panics or undefined behavior. > **File**: `common/http.go (34-46)` > </details> > <details> >  > <summary> 🐞 Bug - Goroutines continue running indefinitely without cancellation mechanism causing resource leaks </summary> >  > **Details:** Multiple handlers start goroutines that run indefinitely without proper cleanup mechanisms. The HandleWebSocket function creates an infinite loop goroutine that never terminates, and other handlers ignore request context cancellation, leading to resource leaks when clients disconnect. > **File**: `common/http.go (199-206)` > </details> > <details> >  > <summary> 🐞 Bug - Long-running operations ignore request context making them unresponsive to cancellation </summary> >  > **Details:** Despite the PR title claiming to add context cancellation enhancement, none of the handlers actually use the request context for cancellation. All operations use time.Sleep without checking for context cancellation, making them unresponsive to client disconnections. > **File**: `common/http.go (93-94)` > </details>   _Generated by LinearB AI and added by gitStream._ <sub>AI-generated content may contain inaccuracies. Please verify before using. **[We'd love your feedback!](mailto:product@linearb.io)** 🚀</sub>"
7,context-cancellation-enhancement,Copilot,"https://github.com/linearzig/eval-ai-code-review/pull/35","A thorough code review should catch missing context propagation and cancellation handling. The reviewer should identify that:  1. The code doesn't use `context.Context` for request cancellation and timeout handling 2. Long-running operations don't check for context cancellation via `ctx.Done()` 3. The code doesn't propagate context to downstream operations or goroutines 4. Missing `context.WithCancel` or `context.WithTimeout` for proper cancellation control  The review should suggest: - Use `context.Context` as the first parameter in functions that can be cancelled - Check for cancellation with `select { case <-ctx.Done(): return ctx.Err() }` in long-running operations - Propagate context to all downstream calls and goroutines - Use `context.WithCancel` or `context.WithTimeout` to create cancellable contexts - Handle context cancellation gracefully and clean up resources  A good review comment would explain that without context cancellation, long-running operations cannot be stopped when clients disconnect, leading to resource leaks and poor user experience.",
8,map-iteration-enhancement,LinearB,"https://github.com/linearzig/eval-ai-code-review/pull/19","A thorough code review should catch the assumption of deterministic map iteration order. The reviewer should identify that:  1. The code iterates over maps without sorting, assuming a deterministic order that doesn't exist in Go 2. Map iteration order is randomized in Go for security reasons and can change between runs 3. The code doesn't use `sort` package to sort keys before iteration when deterministic order is needed 4. Missing consideration for whether deterministic order is actually required  The review should suggest: - Use `sort.Strings()` or `sort.Ints()` to sort map keys before iteration when deterministic order is needed - Consider whether deterministic order is actually required for the use case - Use `maps.Keys()` (Go 1.21+) or manually collect keys for sorting - Document when deterministic order is required vs when random order is acceptable - Consider performance implications of sorting large maps  A good review comment would explain that Go randomizes map iteration order to prevent hash collision attacks, so code that assumes deterministic order will behave differently between runs.","### ✨ PR Review The PR completely replaces the MAC cache implementation with a new design that demonstrates non-deterministic map iteration behavior. While the synchronization is mostly correct, there are critical race conditions and logical bugs that need immediate attention.  **3 issues detected:** > <details> >  > <summary> 🐞 Bug - Unsynchronized map iteration can cause panics when concurrent modifications occur </summary> >  > **Details:** The ProcessAll method iterates over the cache.entries map without acquiring any locks, while other methods modify the same map under lock protection. This creates a race condition that can lead to runtime panics when the map is modified during iteration. > **File**: `router/mac_cache.go (73-80)` > </details> > <details> >  > <summary> 🐞 Bug - Always overwriting existing cache entries causes data loss and incorrect counting </summary> >  > **Details:** The Add method always creates a new entry and sets Count to 1, overwriting any existing entry for the same MAC address. This causes loss of historical data like accumulated count and doesn't update the LastSeen timestamp of existing entries. > **File**: `router/mac_cache.go (37-46)` > </details> > <details> >  > <summary> 🐞 Bug - String comparison of IP addresses produces incorrect range filtering results </summary> >  > **Details:** The isIPInRange function compares IP addresses lexicographically as strings rather than as binary network addresses. This will produce incorrect results for IP range filtering, as string comparison doesn't respect IP address ordering. > **File**: `router/mac_cache.go (346-346)` > </details>   _Generated by LinearB AI and added by gitStream._ <sub>AI-generated content may contain inaccuracies. Please verify before using. **[We'd love your feedback!](mailto:product@linearb.io)** 🚀</sub>"
8,map-iteration-enhancement,Copilot,"https://github.com/linearzig/eval-ai-code-review/pull/36","A thorough code review should catch the assumption of deterministic map iteration order. The reviewer should identify that:  1. The code iterates over maps without sorting, assuming a deterministic order that doesn't exist in Go 2. Map iteration order is randomized in Go for security reasons and can change between runs 3. The code doesn't use `sort` package to sort keys before iteration when deterministic order is needed 4. Missing consideration for whether deterministic order is actually required  The review should suggest: - Use `sort.Strings()` or `sort.Ints()` to sort map keys before iteration when deterministic order is needed - Consider whether deterministic order is actually required for the use case - Use `maps.Keys()` (Go 1.21+) or manually collect keys for sorting - Document when deterministic order is required vs when random order is acceptable - Consider performance implications of sorting large maps  A good review comment would explain that Go randomizes map iteration order to prevent hash collision attacks, so code that assumes deterministic order will behave differently between runs.",
9,defer-execution-enhancement,LinearB,"https://github.com/linearzig/eval-ai-code-review/pull/20","A thorough code review should catch defer execution order and scope issues. The reviewer should identify that:  1. The code uses defer in loops, which can capture loop variables incorrectly and lead to unexpected behavior 2. Defer statements with function calls that capture variables may not work as expected 3. The code doesn't consider the LIFO (Last In, First Out) execution order of defer statements 4. Missing defer statements for resource cleanup in error paths  The review should suggest: - Avoid defer in loops unless the deferred function is independent of loop variables - Use immediate function execution for loop variable capture: `func() { defer cleanup(); ... }()` - Consider the order of defer statements - they execute in reverse order - Ensure all resources that need cleanup have corresponding defer statements - Test defer behavior with error conditions to ensure proper cleanup  A good review comment would explain that defer captures variables by reference, so defer in loops can lead to all deferred calls using the final value of loop variables.","### ✨ PR Review The PR introduces extensive defer statement usage but contains several critical issues with variable capture in closures within loops, which is a common Go gotcha that leads to incorrect runtime behavior.  **3 issues detected:** > <details> >  > <summary> 🐞 Bug - Loop variables are captured by reference in defer closures, causing all defers to use final iteration values. </summary> >  > **Details:** Multiple defer statements in loops capture loop variables by reference instead of by value. This causes all deferred functions to use the final iteration values rather than the intended per-iteration values. This affects loops in fastdpImpl.init, ResetIPTables, and HandleUpdate methods. > **File**: `net/bridge.go (268-272)` > </details> > <details> >  > <summary> 🐞 Bug - Function cleanupBridge is called but not defined, causing compilation failure. </summary> >  > **Details:** The defer statement calls cleanupBridge function which is not defined anywhere in the codebase, causing a compilation error. > **File**: `net/bridge.go (231-234)` > </details> > <details> >  > <summary> 🐞 Bug - Critical system functionality has been replaced with non-functional stub implementations. </summary> >  > **Details:** Core functionality has been removed from several functions like DetectHairpin and EnforceAddrAssignType, replacing actual implementation with stub code that only logs messages. This represents a significant functional regression. > **File**: `net/bridge.go` > </details>   _Generated by LinearB AI and added by gitStream._ <sub>AI-generated content may contain inaccuracies. Please verify before using. **[We'd love your feedback!](mailto:product@linearb.io)** 🚀</sub>"
9,defer-execution-enhancement,Copilot,"https://github.com/linearzig/eval-ai-code-review/pull/37","A thorough code review should catch defer execution order and scope issues. The reviewer should identify that:  1. The code uses defer in loops, which can capture loop variables incorrectly and lead to unexpected behavior 2. Defer statements with function calls that capture variables may not work as expected 3. The code doesn't consider the LIFO (Last In, First Out) execution order of defer statements 4. Missing defer statements for resource cleanup in error paths  The review should suggest: - Avoid defer in loops unless the deferred function is independent of loop variables - Use immediate function execution for loop variable capture: `func() { defer cleanup(); ... }()` - Consider the order of defer statements - they execute in reverse order - Ensure all resources that need cleanup have corresponding defer statements - Test defer behavior with error conditions to ensure proper cleanup  A good review comment would explain that defer captures variables by reference, so defer in loops can lead to all deferred calls using the final value of loop variables.",
10,type-embedding-enhancement,LinearB,"https://github.com/linearzig/eval-ai-code-review/pull/21","A thorough code review should catch type embedding misuse and method shadowing issues. The reviewer should identify that:  1. The code embeds types that have methods with the same name, causing method shadowing 2. The embedded type's methods are not accessible or are being overridden unexpectedly 3. The code doesn't understand the difference between embedding and inheritance 4. Missing consideration for whether embedding is the right approach vs composition  The review should suggest: - Be aware of method shadowing when embedded types have methods with the same name - Use explicit field names instead of embedding when you want to access embedded type methods - Consider whether embedding provides the intended behavior or if composition is better - Document the relationship between embedded types and their methods - Test method resolution to ensure the correct methods are being called  A good review comment would explain that embedded type methods can be shadowed by the outer type's methods, and that embedding is composition, not inheritance.","### ✨ PR Review The PR introduces complex type embedding structures that create diamond inheritance patterns, leading to field and method ambiguity issues that could cause compilation errors.  **3 issues detected:** > <details> >  > <summary> 🐞 Bug - Multiple embedded types share the same base type creating field/method access ambiguity </summary> >  > **Details:** The bridgedFastdpImpl struct embeds both bridgeImpl and fastdpImpl, which both embed BaseBridge. This creates a diamond inheritance pattern causing ambiguity when accessing BaseBridge fields and methods, potentially leading to compilation errors or unexpected behavior. > **File**: `net/bridge.go (113-114)` > </details> > <details> >  > <summary> 🐞 Bug - Accessing fields through ambiguous embedded type hierarchy without explicit qualification </summary> >  > **Details:** The code attempts to access the 'name' field through embedded types that both contain BaseBridge, creating ambiguity about which 'name' field is being accessed. This could lead to unexpected behavior or compilation failures. > **File**: `net/bridge.go (405-406)` > </details> > <details> >  > <summary> 🧹 Maintainability - Imports added without corresponding usage in the codebase </summary> >  > **Details:** The imports for ""os"", ""sync"", and ""time"" are added but not used in the modified code, creating unnecessary dependencies and reducing code clarity. > **File**: `net/bridge.go (7-11)` > </details>   _Generated by LinearB AI and added by gitStream._ <sub>AI-generated content may contain inaccuracies. Please verify before using. **[We'd love your feedback!](mailto:product@linearb.io)** 🚀</sub>"
10,type-embedding-enhancement,Copilot,"https://github.com/linearzig/eval-ai-code-review/pull/38","A thorough code review should catch type embedding misuse and method shadowing issues. The reviewer should identify that:  1. The code embeds types that have methods with the same name, causing method shadowing 2. The embedded type's methods are not accessible or are being overridden unexpectedly 3. The code doesn't understand the difference between embedding and inheritance 4. Missing consideration for whether embedding is the right approach vs composition  The review should suggest: - Be aware of method shadowing when embedded types have methods with the same name - Use explicit field names instead of embedding when you want to access embedded type methods - Consider whether embedding provides the intended behavior or if composition is better - Document the relationship between embedded types and their methods - Test method resolution to ensure the correct methods are being called  A good review comment would explain that embedded type methods can be shadowed by the outer type's methods, and that embedding is composition, not inheritance.",
11,channel-select-enhancement,LinearB,"https://github.com/linearzig/eval-ai-code-review/pull/22","A thorough code review should catch select statement deadlocks and missing default cases. The reviewer should identify that:  1. The code uses select without a default case, which can cause goroutines to block indefinitely 2. The select statement doesn't handle all possible channel states, leading to potential deadlocks 3. Missing consideration for channel closing and nil channel behavior in select statements 4. The code doesn't implement proper timeout or cancellation mechanisms  The review should suggest: - Add a default case to select statements to prevent indefinite blocking: `select { case <-ch: ... default: ... }` - Use `context.WithTimeout` or `time.After` for timeout handling in select statements - Handle channel closing properly by checking for closed channels - Consider using `select` with `ctx.Done()` for cancellation - Test select behavior with different channel states (nil, closed, buffered)  A good review comment would explain that select without default will block until at least one case is ready, which can cause deadlocks if all channels are blocked.","### ✨ PR Review The PR introduces new channel-based communication patterns but has critical type safety issues and potential runtime problems that will prevent compilation and cause deadlocks.  **3 issues detected:** > <details> >  > <summary> 🐞 Bug - Attempting to receive from send-only channels will result in compilation failure. </summary> >  > **Details:** The new channels are defined as send-only (chan<-) but are being used for receiving operations in the select statement. This creates a compile-time error where receive operations are attempted on send-only channels. > **File**: `router/sleeve.go (333-335)` > </details> > <details> >  > <summary> 🐞 Bug - Reading from nil channels will cause permanent blocking and potential deadlocks. </summary> >  > **Details:** The new channels are added to the struct but are not initialized during construction. Attempting to receive from nil channels in the select statement will cause the goroutine to block indefinitely, effectively creating a deadlock. > **File**: `router/sleeve.go (680-689)` > </details> > <details> >  > <summary> 🐞 Bug - Select statement contains receive operations on channels with no corresponding senders, causing potential deadlocks. </summary> >  > **Details:** The select statement waits for messages on the new channels, but there's no visible mechanism for other goroutines to send to these channels. Without senders, the receive operations will block indefinitely, potentially causing the entire packet routing loop to hang. > **File**: `router/sleeve.go (680-689)` > </details>   _Generated by LinearB AI and added by gitStream._ <sub>AI-generated content may contain inaccuracies. Please verify before using. **[We'd love your feedback!](mailto:product@linearb.io)** 🚀</sub>"
11,channel-select-enhancement,Copilot,"https://github.com/linearzig/eval-ai-code-review/pull/39","A thorough code review should catch select statement deadlocks and missing default cases. The reviewer should identify that:  1. The code uses select without a default case, which can cause goroutines to block indefinitely 2. The select statement doesn't handle all possible channel states, leading to potential deadlocks 3. Missing consideration for channel closing and nil channel behavior in select statements 4. The code doesn't implement proper timeout or cancellation mechanisms  The review should suggest: - Add a default case to select statements to prevent indefinite blocking: `select { case <-ch: ... default: ... }` - Use `context.WithTimeout` or `time.After` for timeout handling in select statements - Handle channel closing properly by checking for closed channels - Consider using `select` with `ctx.Done()` for cancellation - Test select behavior with different channel states (nil, closed, buffered)  A good review comment would explain that select without default will block until at least one case is ready, which can cause deadlocks if all channels are blocked.",
12,interface-type-assertion-enhancement,LinearB,"https://github.com/linearzig/eval-ai-code-review/pull/23","A thorough code review should catch unsafe type assertions and missing error handling. The reviewer should identify that:  1. The code uses type assertions without the comma-ok idiom, which can cause panics 2. Type switches don't handle all possible cases or don't use the comma-ok idiom 3. The code doesn't check if type assertions succeed before using the result 4. Missing consideration for performance implications of type assertions in hot paths  The review should suggest: - Always use the comma-ok idiom for type assertions: `if value, ok := interface{}.(Type); ok { ... }` - Handle all cases in type switches, including the default case - Check type assertion success before using the result to avoid panics - Consider performance implications - type assertions have runtime cost - Use type switches instead of multiple type assertions when checking multiple types  A good review comment would explain that type assertions without the comma-ok idiom will panic if the assertion fails, which can crash the program.","### ✨ PR Review The PR adds interface type assertion functionality but contains critical bugs with unsafe type assertions that will cause runtime panics, along with performance issues from inefficient reflection usage.  **3 issues detected:** > <details> >  > <summary> 🐞 Bug - Impossible double type assertion will always cause panic on the second assertion </summary> >  > **Details:** The method attempts to assert the same packet parameter to two different incompatible types (*EthernetPacket and *IPPacket) without checking success. Since a single object cannot be both types simultaneously, one assertion will always fail and cause a runtime panic. > **File**: `router/ethernet_decoder.go (76-83)` > </details> > <details> >  > <summary> 🐞 Bug - Type assertion without ok check will panic if packet is wrong type </summary> >  > **Details:** The validatePacketType method performs an unsafe type assertion without checking if it succeeds. If the packet is not of type *EthernetPacket, the assertion will panic instead of returning false as expected. > **File**: `router/ethernet_decoder.go (117-120)` > </details> > <details> >  > <summary> 🚀 Performance - Using reflection for type switching when native type switches are available and faster </summary> >  > **Details:** The type switch uses reflection with string comparison of type names, which is significantly slower than native Go type switches. This adds unnecessary runtime overhead for packet processing. > **File**: `router/ethernet_decoder.go (97-106)` > </details>   _Generated by LinearB AI and added by gitStream._ <sub>AI-generated content may contain inaccuracies. Please verify before using. **[We'd love your feedback!](mailto:product@linearb.io)** 🚀</sub>"
12,interface-type-assertion-enhancement,Copilot,"https://github.com/linearzig/eval-ai-code-review/pull/40","A thorough code review should catch unsafe type assertions and missing error handling. The reviewer should identify that:  1. The code uses type assertions without the comma-ok idiom, which can cause panics 2. Type switches don't handle all possible cases or don't use the comma-ok idiom 3. The code doesn't check if type assertions succeed before using the result 4. Missing consideration for performance implications of type assertions in hot paths  The review should suggest: - Always use the comma-ok idiom for type assertions: `if value, ok := interface{}.(Type); ok { ... }` - Handle all cases in type switches, including the default case - Check type assertion success before using the result to avoid panics - Consider performance implications - type assertions have runtime cost - Use type switches instead of multiple type assertions when checking multiple types  A good review comment would explain that type assertions without the comma-ok idiom will panic if the assertion fails, which can crash the program.",
13,memory-pool-enhancement,LinearB,"https://github.com/linearzig/eval-ai-code-review/pull/24","A thorough code review should catch inefficient memory allocation patterns and missing object pooling. The reviewer should identify that:  1. The code allocates new buffers for each packet instead of reusing them through object pooling 2. High-frequency allocations in hot paths can cause excessive garbage collection 3. The code doesn't use `sync.Pool` for frequently allocated and deallocated objects 4. Missing consideration for the trade-off between memory usage and allocation frequency  The review should suggest: - Use `sync.Pool` for objects that are frequently allocated and deallocated - Implement proper pool cleanup and object lifecycle management - Consider the memory overhead of keeping objects in the pool vs allocation cost - Profile memory usage to identify allocation hotspots - Ensure pool objects are properly reset before reuse  A good review comment would explain that frequent allocations in hot paths can cause garbage collection pressure and performance degradation, which object pooling can help mitigate.","### ✨ PR Review The PR adds object pooling infrastructure but implements it incorrectly with uninitialized pool and demonstration methods showing inefficient patterns that could cause runtime panics and performance issues.  **3 issues detected:** > <details> >  > <summary> 🐞 Bug - Uninitialized sync.Pool field will cause panic when accessed </summary> >  > **Details:** The packetBufferPool field is declared but never initialized, remaining nil. Any attempt to use this pool via Get() or Put() methods will cause a runtime panic. > **File**: `router/sleeve.go (333-333)` > </details> > <details> >  > <summary> 🧹 Maintainability - Non-functional demonstration code included in production codebase </summary> >  > **Details:** Three methods are added that appear to be demonstration code showing inefficient patterns rather than actual functional code. These methods serve no purpose in the production codebase and create maintenance overhead. > **File**: `router/sleeve.go` > </details> > <details> >  > <summary> 🚀 Performance - Methods contain intentionally inefficient memory allocation patterns </summary> >  > **Details:** The added methods intentionally demonstrate inefficient memory allocation patterns including unnecessary slice creation, copying, and lack of reuse. If called in production, they would cause significant performance degradation. > **File**: `router/sleeve.go` > </details>   _Generated by LinearB AI and added by gitStream._ <sub>AI-generated content may contain inaccuracies. Please verify before using. **[We'd love your feedback!](mailto:product@linearb.io)** 🚀</sub>"
13,memory-pool-enhancement,Copilot,"https://github.com/linearzig/eval-ai-code-review/pull/41","A thorough code review should catch inefficient memory allocation patterns and missing object pooling. The reviewer should identify that:  1. The code allocates new buffers for each packet instead of reusing them through object pooling 2. High-frequency allocations in hot paths can cause excessive garbage collection 3. The code doesn't use `sync.Pool` for frequently allocated and deallocated objects 4. Missing consideration for the trade-off between memory usage and allocation frequency  The review should suggest: - Use `sync.Pool` for objects that are frequently allocated and deallocated - Implement proper pool cleanup and object lifecycle management - Consider the memory overhead of keeping objects in the pool vs allocation cost - Profile memory usage to identify allocation hotspots - Ensure pool objects are properly reset before reuse  A good review comment would explain that frequent allocations in hot paths can cause garbage collection pressure and performance degradation, which object pooling can help mitigate.",
14,reflection-safety-enhancement,LinearB,"https://github.com/linearzig/eval-ai-code-review/pull/25","A thorough code review should catch unsafe reflection usage and performance issues. The reviewer should identify that:  1. The code uses reflection in hot paths, which can cause significant performance degradation 2. Reflection-based type conversions are unsafe and can cause panics 3. The code doesn't validate reflection results before using them 4. Missing consideration for compile-time type safety vs runtime reflection  The review should suggest: - Avoid reflection in hot paths - use it only for initialization or configuration - Validate reflection results before using them to prevent panics - Consider alternatives to reflection (interfaces, generics, code generation) - Cache reflection results when possible to avoid repeated reflection calls - Use reflection only when compile-time type safety cannot be achieved  A good review comment would explain that reflection has significant performance overhead and should be avoided in performance-critical code paths.","### ✨ PR Review The PR introduces reflection-based configuration processing functions with several critical safety and compilation issues. The code appears to intentionally demonstrate unsafe reflection practices but contains actual bugs that would prevent compilation and cause runtime panics.  **3 issues detected:** > <details> >  > <summary> 🐞 Bug - time.Duration is used without importing the time package </summary> >  > **Details:** The ConfigStruct uses time.Duration type but the time package is not imported, which will cause compilation failure. > **File**: `common/http.go (4-4)` > </details> > <details> >  > <summary> 🐞 Bug - Unsafe reflection operations can panic at runtime without proper validation </summary> >  > **Details:** The reflection code calls Interface() on field values without checking if they are valid or exported, which can cause runtime panics when accessing unexported fields or invalid field names. > **File**: `common/http.go (105-108)` > </details> > <details> >  > <summary> 🚀 Performance - Heavy reflection usage in performance-critical code paths without optimization </summary> >  > **Details:** Reflection operations are being performed in functions described as being in ""hot paths"" without any caching or optimization, which could significantly impact performance under load. > **File**: `common/http.go` > </details>   _Generated by LinearB AI and added by gitStream._ <sub>AI-generated content may contain inaccuracies. Please verify before using. **[We'd love your feedback!](mailto:product@linearb.io)** 🚀</sub>"
14,reflection-safety-enhancement,Copilot,"https://github.com/linearzig/eval-ai-code-review/pull/42","A thorough code review should catch unsafe reflection usage and performance issues. The reviewer should identify that:  1. The code uses reflection in hot paths, which can cause significant performance degradation 2. Reflection-based type conversions are unsafe and can cause panics 3. The code doesn't validate reflection results before using them 4. Missing consideration for compile-time type safety vs runtime reflection  The review should suggest: - Avoid reflection in hot paths - use it only for initialization or configuration - Validate reflection results before using them to prevent panics - Consider alternatives to reflection (interfaces, generics, code generation) - Cache reflection results when possible to avoid repeated reflection calls - Use reflection only when compile-time type safety cannot be achieved  A good review comment would explain that reflection has significant performance overhead and should be avoided in performance-critical code paths.",
15,goroutine-coordination-enhancement,LinearB,"https://github.com/linearzig/eval-ai-code-review/pull/26","A thorough code review should catch complex goroutine synchronization issues and race conditions. The reviewer should identify that:  1. The code has race conditions when accessing shared state without proper synchronization 2. Improper WaitGroup usage can lead to goroutine leaks or premature termination 3. Channel management issues can cause deadlocks or goroutine leaks 4. Missing proper cleanup mechanisms for worker goroutines  The review should suggest: - Use proper synchronization (mutexes, atomic operations) for shared state access - Ensure WaitGroup.Add() is called before starting goroutines, not inside them - Implement proper channel cleanup and goroutine termination signals - Use context.Context for goroutine lifecycle management - Add proper error handling and recovery mechanisms for worker goroutines - Consider using errgroup for coordinated goroutine management  A good review comment would explain that race conditions can cause unpredictable behavior and data corruption, while improper goroutine cleanup can lead to resource leaks and system instability.","### ✨ PR Review The PR introduces worker coordination functionality with intentional race conditions and synchronization issues. Multiple critical concurrency problems need to be addressed before this code can be safely used.  **3 issues detected:** > <details> >  > <summary> 🐞 Bug - Concurrent access to shared mutable state without synchronization </summary> >  > **Details:** Multiple goroutines can simultaneously modify the shared mtu field without proper synchronization, leading to data races and unpredictable behavior. The struct has a lock field available but it's not being used. > **File**: `router/sleeve.go (602-610)` > </details> > <details> >  > <summary> 🐞 Bug - Infinite loop in goroutine without termination condition causes resource leak </summary> >  > **Details:** The coordinator goroutine contains an infinite loop with no termination condition, which will cause the goroutine to run indefinitely and never be garbage collected, leading to resource leaks. > **File**: `router/sleeve.go (571-572)` > </details> > <details> >  > <summary> 🐞 Bug - WaitGroup Add called after goroutine start creates race condition </summary> >  > **Details:** The WaitGroup Add operation is called inside the worker goroutine after it has started, creating a race condition where the main goroutine might call Wait before the worker calls Add, leading to incorrect synchronization or panics. > **File**: `router/sleeve.go` > </details>   _Generated by LinearB AI and added by gitStream._ <sub>AI-generated content may contain inaccuracies. Please verify before using. **[We'd love your feedback!](mailto:product@linearb.io)** 🚀</sub>"
15,goroutine-coordination-enhancement,Copilot,"https://github.com/linearzig/eval-ai-code-review/pull/43","A thorough code review should catch complex goroutine synchronization issues and race conditions. The reviewer should identify that:  1. The code has race conditions when accessing shared state without proper synchronization 2. Improper WaitGroup usage can lead to goroutine leaks or premature termination 3. Channel management issues can cause deadlocks or goroutine leaks 4. Missing proper cleanup mechanisms for worker goroutines  The review should suggest: - Use proper synchronization (mutexes, atomic operations) for shared state access - Ensure WaitGroup.Add() is called before starting goroutines, not inside them - Implement proper channel cleanup and goroutine termination signals - Use context.Context for goroutine lifecycle management - Add proper error handling and recovery mechanisms for worker goroutines - Consider using errgroup for coordinated goroutine management  A good review comment would explain that race conditions can cause unpredictable behavior and data corruption, while improper goroutine cleanup can lead to resource leaks and system instability.",
